{"stats":{"minecraft:killed_by":{"minecraft:player":1},"minecraft:custom":{"minecraft:jump":15,"minecraft:time_since_rest":35932,"minecraft:crouch_one_cm":54,"minecraft:deaths":1,"minecraft:leave_game":1,"minecraft:play_time":43807,"minecraft:damage_taken":233,"minecraft:time_since_death":35872,"minecraft:walk_one_cm":8906,"minecraft:sneak_time":221,"minecraft:total_world_time":43807,"minecraft:fly_one_cm":20229},"minecraft:used":{"minecraft:command_block":2,"minecraft:milk_bucket":1},"minecraft:picked_up":{"minecraft:acacia_button":95}},"DataVersion":3465}