{"stats":{"minecraft:picked_up":{"minecraft:birch_log":1,"minecraft:oak_log":2,"minecraft:dirt":6},"minecraft:used":{"minecraft:oak_log":2,"minecraft:birch_log":1,"minecraft:dirt":6},"minecraft:custom":{"minecraft:jump":46,"minecraft:time_since_rest":17767,"minecraft:sprint_one_cm":10306,"minecraft:damage_taken":120,"minecraft:leave_game":1,"minecraft:play_time":17767,"minecraft:time_since_death":17767,"minecraft:walk_one_cm":8497,"minecraft:total_world_time":17767,"minecraft:fall_one_cm":894,"minecraft:fly_one_cm":5725},"minecraft:mined":{"minecraft:grass_block":8,"minecraft:oak_log":2}},"DataVersion":3465}