{"stats":{"minecraft:picked_up":{"minecraft:birch_log":1,"minecraft:oak_log":2,"minecraft:dirt":6},"minecraft:used":{"minecraft:oak_log":2,"minecraft:birch_log":1,"minecraft:dirt":6},"minecraft:custom":{"minecraft:jump":58,"minecraft:time_since_rest":27566,"minecraft:sprint_one_cm":16067,"minecraft:damage_taken":120,"minecraft:leave_game":2,"minecraft:play_time":27566,"minecraft:time_since_death":27566,"minecraft:walk_one_cm":9353,"minecraft:total_world_time":27566,"minecraft:fall_one_cm":894,"minecraft:fly_one_cm":31103,"minecraft:walk_on_water_one_cm":129},"minecraft:mined":{"minecraft:grass_block":8,"minecraft:oak_log":2}},"DataVersion":3465}