{"stats":{"minecraft:mined":{"minecraft:spruce_leaves":1},"minecraft:killed_by":{"minecraft:player":1},"minecraft:custom":{"minecraft:jump":93,"minecraft:time_since_rest":475,"minecraft:damage_dealt":227,"minecraft:damage_taken":679,"minecraft:leave_game":2,"minecraft:time_since_death":434,"minecraft:play_time":6873,"minecraft:walk_one_cm":12402,"minecraft:deaths":3,"minecraft:total_world_time":6873,"minecraft:fall_one_cm":3822,"minecraft:fly_one_cm":8251,"minecraft:player_kills":1},"minecraft:picked_up":{"minecraft:spruce_sapling":2}},"DataVersion":3465}