{"stats":{"minecraft:killed":{"minecraft:warden":1,"minecraft:wither_skeleton":1,"minecraft:pig":1,"minecraft:enderman":1},"minecraft:dropped":{"minecraft:iron_helmet":1},"minecraft:mined":{"minecraft:spruce_log":1},"minecraft:killed_by":{"minecraft:player":1},"minecraft:custom":{"minecraft:time_since_rest":55366,"minecraft:crouch_one_cm":2429,"minecraft:sprint_one_cm":10933,"minecraft:play_time":65944,"minecraft:damage_taken":240,"minecraft:deaths":2,"minecraft:walk_one_cm":42775,"minecraft:sneak_time":1326,"minecraft:mob_kills":4,"minecraft:drop":1,"minecraft:jump":145,"minecraft:damage_dealt":6256,"minecraft:leave_game":1,"minecraft:time_since_death":55319,"minecraft:total_world_time":65944,"minecraft:fall_one_cm":1231,"minecraft:fly_one_cm":105580,"minecraft:player_kills":4},"minecraft:used":{"minecraft:netherite_sword":1,"minecraft:command_block":1,"minecraft:tnt":1,"minecraft:spawner":3,"minecraft:spruce_planks":4,"minecraft:wither_skeleton_spawn_egg":4,"minecraft:wooden_shovel":3,"minecraft:splash_potion":2,"minecraft:warden_spawn_egg":3},"minecraft:crafted":{"minecraft:spruce_planks":4},"minecraft:picked_up":{"minecraft:sculk_catalyst":1,"minecraft:ladder":1,"minecraft:acacia_button":2879,"minecraft:spruce_log":1,"minecraft:dirt":2}},"DataVersion":3465}