{"stats":{"minecraft:killed":{"minecraft:warden":1,"minecraft:wither_skeleton":1,"minecraft:pig":5},"minecraft:dropped":{"minecraft:netherite_sword":1,"minecraft:stick":320},"minecraft:killed_by":{"minecraft:player":3},"minecraft:mined":{"minecraft:grass_block":14},"minecraft:custom":{"minecraft:open_chest":1,"minecraft:time_since_rest":45260,"minecraft:play_time":60443,"minecraft:sprint_one_cm":89967,"minecraft:walk_one_cm":39148,"minecraft:damage_taken":30560,"minecraft:deaths":3,"minecraft:sneak_time":269,"minecraft:mob_kills":7,"minecraft:drop":6,"minecraft:jump":563,"minecraft:damage_dealt":6005,"minecraft:leave_game":1,"minecraft:time_since_death":45232,"minecraft:climb_one_cm":404,"minecraft:total_world_time":60443,"minecraft:player_kills":1,"minecraft:fall_one_cm":9444,"minecraft:fly_one_cm":369776},"minecraft:used":{"minecraft:netherite_sword":4,"minecraft:porkchop":4,"minecraft:sculk_catalyst":70},"minecraft:picked_up":{"minecraft:sculk_catalyst":2,"minecraft:stick":192,"minecraft:dune_armor_trim_smithing_template":2,"minecraft:bone":6,"minecraft:rotten_flesh":5,"minecraft:netherite_sword":1,"minecraft:porkchop":17,"minecraft:gold_ingot":5,"minecraft:gunpowder":8,"minecraft:string":2,"minecraft:dirt":13}},"DataVersion":3465}